Cardinal Health,https://cardinalhealth.wd1.myworkdayjobs.com/en-US/EXT
ConocoPhillips,https://conocophillips.wd1.myworkdayjobs.com/eQuest
DaVita,https://davita.wd1.myworkdayjobs.com/en-US/DKC_External
Equinix,https://equinix.wd1.myworkdayjobs.com/en-US/External
General Electric,https://ge.wd5.myworkdayjobs.com/en-US/GE_ExternalSite
IQVIA,https://iqvia.wd1.myworkdayjobs.com/en-US/IQVIA
Genuine Parts Company,https://genpt.wd1.myworkdayjobs.com/en-US/Careers
Kohl's,https://kohls.wd1.myworkdayjobs.com/en-US/kohlscareers
Leidos,https://leidos.wd5.myworkdayjobs.com/en-US/External
Netflix,https://netflix.wd1.myworkdayjobs.com/en-US/netflix
PNC,https://pnc.wd5.myworkdayjobs.com/en-US/External
Stanley Black & Decker,https://sbdinc.wd1.myworkdayjobs.com/en-US/Stanley_Black_Decker_Career_Site
Gap Inc,https://gapinc.wd1.myworkdayjobs.com/en-US/GAPINC
Walmart,https://walmart.wd5.myworkdayjobs.com/en-US/WalmartExternal
Zoetis,https://zoetis.wd5.myworkdayjobs.com/en-US/zoetis
MGM Resorts,https://mgmresorts.wd5.myworkdayjobs.com/en-US/MGMCareers
RTX,https://globalhr.wd5.myworkdayjobs.com/en-US/REC_RTX_Ext_Gateway
Applied Materials,https://amat.wd1.myworkdayjobs.com/en-US/External
Arrow Electronics,https://arrow.wd1.myworkdayjobs.com/en-US/AC
Otis Elevator,https://otis.wd5.myworkdayjobs.com/en-US/REC_Ext_Gateway
Rite Aid,https://riteaid.wd1.myworkdayjobs.com/en-US/External
M&T Bank,https://mtb.wd5.myworkdayjobs.com/en-US/Campus
US Foods,https://usfoods.wd1.myworkdayjobs.com/en-US/usfoodscareersExternal
